{"acc": [0.9907078606741769, 0.991838754926409, 0.993247195652553, 0.9933206830705915, 0.9933857781546457, 0.9934929711478097, 0.9931177956717355, 0.9936721529279436, 0.9933232716151646, 0.9935511997767857], "iou": [0.9830135432709523, 0.9842999117963105, 0.9860326990203729, 0.9864852198308355, 0.9869954727527587, 0.9863897237723981, 0.9864960889765207, 0.9870471130066468, 0.9861753221053483, 0.9866588292787141]}