{"acc": [0.9905088152204241, 0.9912681034633092, 0.9928133283342634, 0.9934468678065709, 0.9929903847830636, 0.9936611175537109, 0.9932736805507115, 0.9934518541608538, 0.9933428083147321, 0.9933842522757393], "iou": [0.9817371697893256, 0.9827982761407248, 0.9856714886956818, 0.9871046513394705, 0.9859584201826003, 0.9872141421061652, 0.9867842867977986, 0.9868305365247544, 0.9868070279033647, 0.9868928762663595]}