{"acc": [0.9895779745919364, 0.9914655957903181, 0.9926923479352678, 0.9920910154070173, 0.9929268973214286, 0.9925479071480887, 0.9925862721034459, 0.9916925975254604, 0.9929395948137556, 0.9929377964564732], "iou": [0.9790042461946294, 0.9839486314251772, 0.9856558146357758, 0.98440492395588, 0.9845459925386232, 0.9854454687713611, 0.9853023745190909, 0.9837175595150024, 0.9858152673574113, 0.98597509918358]}